[{
    "carrierName": "ProHealth",
    "planName": "Be Well Basic",
    "copay": 40,
    "premium": 100,
    "annualLimit": 50000
},{
    "carrierName": "ProHealth",
    "planName": "Be Well Extra",
    "copay": 30,
    "premium": 140,
    "annualLimit": 100000
},{
    "carrierName": "ProHealth",
    "planName": "Be Well Max",
    "copay": 20,
    "premium": 180,
    "annualLimit": 200000
},{
    "carrierName": "Assured",
    "planName": "Assurance One",
    "copay": 35,
    "premium": 135,
    "annualLimit": 120000
},{
    "carrierName": "Assured",
    "planName": "Assurance Two",
    "copay": 25,
    "premium": 200,
    "annualLimit": 250000
}]